# Anton Paar MCR 302, amplitude sweep at 1 Hz, 25 C
Oscillation stress (Pa),Storage modulus G' (Pa),Loss modulus G'' (Pa)
0.19953,2417.85,430.568
0.23744,2444.72,425.951
0.28256,2465.61,431.375
0.33625,2482.76,424.329
0.40015,2441.32,433.337
0.47619,2455.38,436.421
0.56667,2432.42,436.103
0.67436,2465.45,430.797
0.8025,2450.93,437.012
0.95499,2486.94,436.081
1.13646,2446.09,426.359
1.35242,2444.02,429.136
1.60941,2451.59,435.38
1.91524,2460.87,438.12
2.27918,2487.36,436.51
2.71227,2443.46,437.837
3.22767,2437.63,444.667
3.841,2419.16,440.999
4.57088,2440.39,446.225
5.43946,2412.35,457.283
6.47308,2462.18,461.849
7.70312,2460.38,458.046
9.16689,2441.41,472.401
10.9088,2437.26,483.578
12.9817,2424.53,479.303
15.4486,2372.48,497.846
18.3842,2331.47,500.386
21.8776,2313.79,519.85
26.0349,2209.97,524.875
30.9821,2095.82,537.441
36.8695,1937.89,543.211
43.8755,1740.55,554.252
52.2129,1493.15,554.635
62.1346,1210.85,552.393
73.9416,936.051,539.802
87.9922,701.476,519.958
104.713,497.515,500.232
124.611,346.36,461.77
148.29,227.598,419.774
176.468,153.853,376.69
210.001,98.7187,339.657
249.907,63.9241,298.068
297.395,41.4321,257.891
353.907,26.3303,225.639
421.157,16.7981,196.439
501.187,10.8652,169.892
