# Micromeritics ASAP 2020, N2 at 77 K
# Degassed 12 h at 60 C
Relative pressure p/p0,Quantity adsorbed (cm^3/g STP)
0.012,15.7194
0.0312,23.1474
0.0504,26.1967
0.0696,28.0619
0.0888,29.4876
0.108,30.6934
0.1272,31.9121
0.1464,33.2518
0.1656,34.3679
0.1848,35.2618
0.204,36.0543
0.2232,37.2543
0.2424,38.2131
0.2616,39.7566
0.2808,40.7424
0.3,41.9226
0.33,44.1251
0.37273,47.5918
0.41545,50.5687
0.45818,54.7712
0.50091,60.0827
0.54364,65.7674
0.58636,72.0867
0.62909,80.1842
0.67182,91.1414
0.71455,104.761
0.75727,123.231
0.8,150.965
0.83,183.611
0.84269,199.649
0.85538,221.186
0.86808,250.208
0.88077,279.019
0.89346,318.296
0.90615,362.308
0.91885,422.211
0.93154,497.784
0.94423,609.623
0.95692,775.057
0.96962,1080.75
0.98231,1791.73
0.995,6120.48
