# TA Q2000, second heating, 10 C/min, N2
# Endotherm down
Temperature (C),Heat Flow (W/g)
-60,-0.119268
-59.771,-0.120064
-59.543,-0.118974
-59.314,-0.118576
-59.085,-0.120264
-58.856,-0.119069
-58.628,-0.120002
-58.399,-0.119847
-58.17,-0.117963
-57.941,-0.119225
-57.713,-0.118069
-57.484,-0.118172
-57.255,-0.118152
-57.026,-0.118343
-56.798,-0.11633
-56.569,-0.119091
-56.34,-0.117974
-56.112,-0.117321
-55.883,-0.117418
-55.654,-0.117685
-55.425,-0.117224
-55.197,-0.118638
-54.968,-0.117968
-54.739,-0.116409
-54.51,-0.115684
-54.282,-0.11852
-54.053,-0.115827
-53.824,-0.117366
-53.595,-0.117567
-53.367,-0.118866
-53.138,-0.11734
-52.909,-0.117011
-52.68,-0.11599
-52.452,-0.116782
-52.223,-0.115741
-51.994,-0.116665
-51.766,-0.117973
-51.537,-0.115437
-51.308,-0.11617
-51.079,-0.117831
-50.851,-0.114851
-50.622,-0.114375
-50.393,-0.115432
-50.164,-0.116206
-49.936,-0.11709
-49.707,-0.114244
-49.478,-0.114853
-49.249,-0.115456
-49.021,-0.114709
-48.792,-0.115307
-48.563,-0.115324
-48.335,-0.115438
-48.106,-0.11562
-47.877,-0.114249
-47.648,-0.115649
-47.42,-0.112715
-47.191,-0.113127
-46.962,-0.114378
-46.733,-0.113726
-46.505,-0.113419
-46.276,-0.114261
-46.047,-0.114121
-45.818,-0.113204
-45.59,-0.113532
-45.361,-0.114715
-45.132,-0.112287
-44.904,-0.115218
-44.675,-0.11141
-44.446,-0.110651
-44.217,-0.111702
-43.989,-0.111318
-43.76,-0.108874
-43.531,-0.109189
-43.302,-0.11103
-43.074,-0.109389
-42.845,-0.109164
-42.616,-0.108632
-42.387,-0.108175
-42.159,-0.107879
-41.93,-0.109806
-41.701,-0.110023
-41.472,-0.10711
-41.244,-0.109847
-41.015,-0.107031
-40.786,-0.108102
-40.558,-0.108605
-40.329,-0.10875
-40.1,-0.106385
-39.871,-0.105255
-39.643,-0.104634
-39.414,-0.105128
-39.185,-0.104897
-38.956,-0.104304
-38.728,-0.103845
-38.499,-0.103171
-38.27,-0.10311
-38.041,-0.103447
-37.813,-0.101388
-37.584,-0.100461
-37.355,-0.100545
-37.127,-0.101222
-36.898,-0.098285
-36.669,-0.099248
-36.44,-0.097667
-36.212,-0.096219
-35.983,-0.098041
-35.754,-0.09561
-35.525,-0.095856
-35.297,-0.094745
-35.068,-0.094594
-34.839,-0.094519
-34.61,-0.091933
-34.382,-0.088712
-34.153,-0.09118
-33.924,-0.091387
-33.695,-0.090472
-33.467,-0.09035
-33.238,-0.083565
-33.009,-0.086547
-32.781,-0.084587
-32.552,-0.085883
-32.323,-0.084246
-32.094,-0.082482
-31.866,-0.083734
-31.637,-0.080491
-31.408,-0.079595
-31.179,-0.078058
-30.951,-0.078314
-30.722,-0.077277
-30.493,-0.078482
-30.264,-0.076209
-30.036,-0.074612
-29.807,-0.074357
-29.578,-0.075062
-29.35,-0.071584
-29.121,-0.074385
-28.892,-0.071558
-28.663,-0.071485
-28.435,-0.068454
-28.206,-0.06812
-27.977,-0.069849
-27.748,-0.067823
-27.52,-0.067834
-27.291,-0.065919
-27.062,-0.064722
-26.833,-0.06587
-26.605,-0.06441
-26.376,-0.063451
-26.147,-0.06428
-25.919,-0.063881
-25.69,-0.062336
-25.461,-0.062345
-25.232,-0.060483
-25.004,-0.06182
-24.775,-0.059952
-24.546,-0.060368
-24.317,-0.060579
-24.089,-0.059552
-23.86,-0.060863
-23.631,-0.058249
-23.402,-0.058127
-23.174,-0.058936
-22.945,-0.059467
-22.716,-0.057931
-22.487,-0.056514
-22.259,-0.056383
-22.03,-0.056643
-21.801,-0.055805
-21.573,-0.054466
-21.344,-0.054019
-21.115,-0.055994
-20.886,-0.055635
-20.658,-0.05481
-20.429,-0.053457
-20.2,-0.054095
-19.971,-0.054379
-19.743,-0.054585
-19.514,-0.055139
-19.285,-0.054106
-19.056,-0.053317
-18.828,-0.053361
-18.599,-0.052595
-18.37,-0.051484
-18.142,-0.052894
-17.913,-0.053582
-17.684,-0.053519
-17.455,-0.05233
-17.227,-0.051473
-16.998,-0.052765
-16.769,-0.051512
-16.54,-0.051198
-16.312,-0.051426
-16.083,-0.051985
-15.854,-0.049683
-15.625,-0.053498
-15.397,-0.050884
-15.168,-0.048921
-14.939,-0.050872
-14.711,-0.050862
-14.482,-0.050025
-14.253,-0.050049
-14.024,-0.052264
-13.796,-0.048373
-13.567,-0.049344
-13.338,-0.05157
-13.109,-0.049592
-12.881,-0.050397
-12.652,-0.05045
-12.423,-0.048536
-12.194,-0.049439
-11.966,-0.050141
-11.737,-0.048574
-11.508,-0.047487
-11.279,-0.050303
-11.051,-0.050039
-10.822,-0.04973
-10.593,-0.048161
-10.365,-0.046375
-10.136,-0.046798
-9.907,-0.049557
-9.678,-0.04792
-9.45,-0.048042
-9.221,-0.047751
-8.992,-0.045549
-8.763,-0.047196
-8.535,-0.047972
-8.306,-0.04727
-8.077,-0.047011
-7.848,-0.047082
-7.62,-0.046118
-7.391,-0.04735
-7.162,-0.045407
-6.934,-0.046627
-6.705,-0.04712
-6.476,-0.046496
-6.247,-0.047608
-6.019,-0.046439
-5.79,-0.046633
-5.561,-0.048897
-5.332,-0.047019
-5.104,-0.04538
-4.875,-0.04575
-4.646,-0.046484
-4.417,-0.046178
-4.189,-0.046836
-3.96,-0.047707
-3.731,-0.047003
-3.503,-0.045417
-3.274,-0.04581
-3.045,-0.046279
-2.816,-0.045053
-2.588,-0.046875
-2.359,-0.045824
-2.13,-0.046688
-1.901,-0.044733
-1.673,-0.045327
-1.444,-0.045086
-1.215,-0.046511
-0.986,-0.044715
-0.758,-0.043352
-0.529,-0.044085
-0.3,-0.044604
-0.071,-0.043903
0.157,-0.04583
0.386,-0.045755
0.615,-0.04419
0.843,-0.043451
1.072,-0.04247
1.301,-0.045014
1.53,-0.046124
1.758,-0.043665
1.987,-0.045979
2.216,-0.044672
2.445,-0.044412
2.673,-0.042403
2.902,-0.044269
3.131,-0.045232
3.36,-0.044223
3.588,-0.044999
3.817,-0.043256
4.046,-0.043654
4.274,-0.043089
4.503,-0.044867
4.732,-0.042167
4.961,-0.043403
5.189,-0.043902
5.418,-0.043958
5.647,-0.044043
5.876,-0.043052
6.104,-0.042205
6.333,-0.043111
6.562,-0.042027
6.791,-0.043133
7.019,-0.044076
7.248,-0.04422
7.477,-0.043026
7.706,-0.04166
7.934,-0.042632
8.163,-0.039905
8.392,-0.041486
8.62,-0.041606
8.849,-0.041444
9.078,-0.041517
9.307,-0.040999
9.535,-0.043884
9.764,-0.042924
9.993,-0.042329
10.222,-0.041748
10.45,-0.04107
10.679,-0.041228
10.908,-0.041331
11.137,-0.041659
11.365,-0.040527
11.594,-0.040968
11.823,-0.041368
12.051,-0.040466
12.28,-0.041251
12.509,-0.040923
12.738,-0.042772
12.966,-0.042144
13.195,-0.038689
13.424,-0.041216
13.653,-0.041661
13.881,-0.040294
14.11,-0.040696
14.339,-0.040055
14.568,-0.03982
14.796,-0.039633
15.025,-0.042256
15.254,-0.041089
15.482,-0.040172
15.711,-0.039836
15.94,-0.041561
16.169,-0.038105
16.397,-0.040107
16.626,-0.038904
16.855,-0.040217
17.084,-0.038583
17.312,-0.040054
17.541,-0.039397
17.77,-0.039571
17.999,-0.039645
18.227,-0.037612
18.456,-0.040739
18.685,-0.037691
18.914,-0.039412
19.142,-0.039433
19.371,-0.037877
19.6,-0.038541
19.828,-0.039403
20.057,-0.037812
20.286,-0.038187
20.515,-0.03686
20.743,-0.039041
20.972,-0.037909
21.201,-0.037423
21.43,-0.039855
21.658,-0.03738
21.887,-0.037334
22.116,-0.03689
22.345,-0.040423
22.573,-0.037126
22.802,-0.038525
23.031,-0.037405
23.259,-0.036458
23.488,-0.0393
23.717,-0.038454
23.946,-0.037866
24.174,-0.036408
24.403,-0.038532
24.632,-0.037358
24.861,-0.037486
25.089,-0.036898
25.318,-0.038719
25.547,-0.038042
25.776,-0.036457
26.004,-0.036734
26.233,-0.036303
26.462,-0.036702
26.69,-0.035805
26.919,-0.036682
27.148,-0.036128
27.377,-0.036494
27.605,-0.036961
27.834,-0.03738
28.063,-0.036986
28.292,-0.038182
28.52,-0.033595
28.749,-0.036743
28.978,-0.034532
29.207,-0.035099
29.435,-0.035834
29.664,-0.034926
29.893,-0.036138
30.122,-0.034801
30.35,-0.033715
30.579,-0.035463
30.808,-0.033688
31.036,-0.034879
31.265,-0.035506
31.494,-0.035491
31.723,-0.035302
31.951,-0.033799
32.18,-0.034575
32.409,-0.034758
32.638,-0.034797
32.866,-0.033435
33.095,-0.034256
33.324,-0.032679
33.553,-0.034153
33.781,-0.033178
34.01,-0.034588
34.239,-0.033529
34.467,-0.033922
34.696,-0.032122
34.925,-0.033917
35.154,-0.034173
35.382,-0.034024
35.611,-0.033822
35.84,-0.032505
36.069,-0.032791
36.297,-0.032884
36.526,-0.034014
36.755,-0.033666
36.984,-0.034261
37.212,-0.033612
37.441,-0.033775
37.67,-0.034717
37.898,-0.032512
38.127,-0.030855
38.356,-0.031669
38.585,-0.031968
38.813,-0.03379
39.042,-0.034024
39.271,-0.032647
39.5,-0.033502
39.728,-0.032503
39.957,-0.032174
40.186,-0.031325
40.415,-0.034829
40.643,-0.030966
40.872,-0.032223
41.101,-0.032649
41.33,-0.031263
41.558,-0.032411
41.787,-0.031816
42.016,-0.032027
42.244,-0.031443
42.473,-0.03102
42.702,-0.030916
42.931,-0.031892
43.159,-0.029381
43.388,-0.031606
43.617,-0.031808
43.846,-0.031469
44.074,-0.031053
44.303,-0.030483
44.532,-0.030665
44.761,-0.032656
44.989,-0.029965
45.218,-0.03097
45.447,-0.03207
45.675,-0.031315
45.904,-0.030531
46.133,-0.031023
46.362,-0.03104
46.59,-0.028587
46.819,-0.031309
47.048,-0.028789
47.277,-0.029506
47.505,-0.030199
47.734,-0.030376
47.963,-0.029869
48.192,-0.029269
48.42,-0.028684
48.649,-0.031293
48.878,-0.029442
49.107,-0.027449
49.335,-0.02812
49.564,-0.028001
49.793,-0.028967
50.021,-0.029321
50.25,-0.029052
50.479,-0.027424
50.708,-0.029674
50.936,-0.027116
51.165,-0.027615
51.394,-0.028586
51.623,-0.027796
51.851,-0.027159
52.08,-0.029366
52.309,-0.027517
52.538,-0.029691
52.766,-0.028114
52.995,-0.028456
53.224,-0.028439
53.452,-0.027116
53.681,-0.027213
53.91,-0.027128
54.139,-0.027249
54.367,-0.027563
54.596,-0.027037
54.825,-0.026872
55.054,-0.025393
55.282,-0.028233
55.511,-0.028379
55.74,-0.027495
55.969,-0.027012
56.197,-0.027991
56.426,-0.02797
56.655,-0.026015
56.883,-0.027148
57.112,-0.027796
57.341,-0.026588
57.57,-0.024708
57.798,-0.02599
58.027,-0.026185
58.256,-0.026103
58.485,-0.026077
58.713,-0.028127
58.942,-0.024988
59.171,-0.025652
59.4,-0.027169
59.628,-0.025342
59.857,-0.024387
60.086,-0.024986
60.315,-0.024344
60.543,-0.026083
60.772,-0.026651
61.001,-0.026827
61.229,-0.024688
61.458,-0.025536
61.687,-0.026656
61.916,-0.025439
62.144,-0.026115
62.373,-0.025045
62.602,-0.027044
62.831,-0.024277
63.059,-0.024836
63.288,-0.025158
63.517,-0.023981
63.746,-0.024573
63.974,-0.023982
64.203,-0.023315
64.432,-0.025163
64.66,-0.02302
64.889,-0.022279
65.118,-0.022902
65.347,-0.024331
65.575,-0.024635
65.804,-0.022568
66.033,-0.023792
66.262,-0.023465
66.49,-0.022954
66.719,-0.024943
66.948,-0.022152
67.177,-0.023806
67.405,-0.022471
67.634,-0.025155
67.863,-0.022094
68.091,-0.024092
68.32,-0.021907
68.549,-0.022061
68.778,-0.023568
69.006,-0.021446
69.235,-0.021222
69.464,-0.022691
69.693,-0.021223
69.921,-0.022737
70.15,-0.02156
70.379,-0.020866
70.608,-0.021379
70.836,-0.021792
71.065,-0.022079
71.294,-0.020789
71.523,-0.019924
71.751,-0.019834
71.98,-0.020077
72.209,-0.020272
72.437,-0.019368
72.666,-0.019317
72.895,-0.020084
73.124,-0.016053
73.352,-0.018435
73.581,-0.018802
73.81,-0.015716
74.039,-0.014345
74.267,-0.01431
74.496,-0.016019
74.725,-0.012526
74.954,-0.010848
75.182,-0.012652
75.411,-0.01118
75.64,-0.010551
75.868,-0.008087
76.097,-0.007098
76.326,-0.006535
76.555,-0.005475
76.783,-0.003675
77.012,-0.000356
77.241,0.001559
77.47,0.002503
77.698,0.002822
77.927,0.006787
78.156,0.008099
78.385,0.009616
78.613,0.012397
78.842,0.015657
79.071,0.018877
79.299,0.023355
79.528,0.023253
79.757,0.026568
79.986,0.031878
80.214,0.034622
80.443,0.039067
80.672,0.041369
80.901,0.049082
81.129,0.051307
81.358,0.055027
81.587,0.060271
81.816,0.065585
82.044,0.068423
82.273,0.074662
82.502,0.08036
82.731,0.08554
82.959,0.091423
83.188,0.096574
83.417,0.10286
83.645,0.10775
83.874,0.114201
84.103,0.120922
84.332,0.126506
84.56,0.132546
84.789,0.140553
85.018,0.145267
85.247,0.155366
85.475,0.158514
85.704,0.167221
85.933,0.173672
86.162,0.181091
86.39,0.186133
86.619,0.188818
86.848,0.196938
87.076,0.205544
87.305,0.212487
87.534,0.218533
87.763,0.224641
87.991,0.226028
88.22,0.235894
88.449,0.239088
88.678,0.244841
88.906,0.251384
89.135,0.254081
89.364,0.258426
89.593,0.264077
89.821,0.265087
90.05,0.271283
90.279,0.270564
90.508,0.274031
90.736,0.274948
90.965,0.2803
91.194,0.283404
91.422,0.280844
91.651,0.281841
91.88,0.283981
92.109,0.284944
92.337,0.285588
92.566,0.28441
92.795,0.283141
93.024,0.279055
93.252,0.278805
93.481,0.275216
93.71,0.272737
93.939,0.271693
94.167,0.270276
94.396,0.266871
94.625,0.259374
94.853,0.256226
95.082,0.253083
95.311,0.246376
95.54,0.240749
95.768,0.236481
95.997,0.231981
96.226,0.22718
96.455,0.222069
96.683,0.215976
96.912,0.209987
97.141,0.204433
97.37,0.19586
97.598,0.190601
97.827,0.181454
98.056,0.179298
98.284,0.171198
98.513,0.162869
98.742,0.158371
98.971,0.153503
99.199,0.145126
99.428,0.13899
99.657,0.132597
99.886,0.124995
100.114,0.119385
100.343,0.113768
100.572,0.108796
100.801,0.103406
101.029,0.098183
101.258,0.091575
101.487,0.087002
101.716,0.080387
101.944,0.076033
102.173,0.07184
102.402,0.067173
102.63,0.063021
102.859,0.056663
103.088,0.053444
103.317,0.050194
103.545,0.047501
103.774,0.044104
104.003,0.039239
104.232,0.035406
104.46,0.033479
104.689,0.029134
104.918,0.027293
105.147,0.023617
105.375,0.021863
105.604,0.018464
105.833,0.01764
106.061,0.016591
106.29,0.013707
106.519,0.00998
106.748,0.009596
106.976,0.005568
107.205,0.00663
107.434,0.004059
107.663,0.002364
107.891,0.003039
108.12,0.001727
108.349,0.001155
108.578,-0.002621
108.806,-0.000463
109.035,0.00034
109.264,-0.004398
109.492,-0.00498
109.721,-0.00258
109.95,-0.005808
110.179,-0.005016
110.407,-0.004784
110.636,-0.005203
110.865,-0.004817
111.094,-0.005169
111.322,-0.007057
111.551,-0.005924
111.78,-0.00717
112.009,-0.007154
112.237,-0.006348
112.466,-0.008121
112.695,-0.008103
112.924,-0.006975
113.152,-0.006914
113.381,-0.006853
113.61,-0.008919
113.838,-0.008143
114.067,-0.008375
114.296,-0.007722
114.525,-0.007475
114.753,-0.008095
114.982,-0.007269
115.211,-0.007662
115.44,-0.007617
115.668,-0.010263
115.897,-0.007735
116.126,-0.008999
116.355,-0.007004
116.583,-0.006892
116.812,-0.006948
117.041,-0.007656
117.269,-0.007029
117.498,-0.008407
117.727,-0.006489
117.956,-0.006764
118.184,-0.005757
118.413,-0.006932
118.642,-0.00585
118.871,-0.007134
119.099,-0.005942
119.328,-0.007692
119.557,-0.007145
119.786,-0.007407
120.014,-0.006636
120.243,-0.006103
120.472,-0.005999
120.701,-0.008301
120.929,-0.006413
121.158,-0.007475
121.387,-0.00631
121.615,-0.005567
121.844,-0.004816
122.073,-0.006261
122.302,-0.005668
122.53,-0.005809
122.759,-0.006324
122.988,-0.003782
123.217,-0.005602
123.445,-0.007062
123.674,-0.006608
123.903,-0.005698
124.132,-0.004539
124.36,-0.006372
124.589,-0.004504
124.818,-0.00539
125.046,-0.00486
125.275,-0.003685
125.504,-0.006204
125.733,-0.00485
125.961,-0.006017
126.19,-0.005627
126.419,-0.005334
126.648,-0.004021
126.876,-0.005034
127.105,-0.003201
127.334,-0.004808
127.563,-0.004708
127.791,-0.005803
128.02,-0.003413
128.249,-0.00365
128.477,-0.00329
128.706,-0.004191
128.935,-0.003946
129.164,-0.00383
129.392,-0.001743
129.621,-0.002406
129.85,-0.003404
130.079,-0.003215
130.307,-0.003789
130.536,-0.003811
130.765,-0.003683
130.994,-0.00356
131.222,-0.003231
131.451,-0.002297
131.68,-0.001931
131.909,-0.002217
132.137,-0.002968
132.366,-0.002918
132.595,-0.003021
132.823,-0.002843
133.052,-0.002646
133.281,-0.001412
133.51,-0.003418
133.738,-0.003624
133.967,-0.000966
134.196,-0.0014
134.425,-0.000656
134.653,-0.003839
134.882,-0.001055
135.111,-0.002584
135.34,-0.002538
135.568,-0.002107
135.797,-0.001383
136.026,-0.001476
136.254,-0.001241
136.483,-0.001924
136.712,-0.00111
136.941,-0.001771
137.169,-0.001368
137.398,-0.002197
137.627,-0.000528
137.856,-0.001178
138.084,-0.002304
138.313,-0.002045
138.542,-0.000904
138.771,-0.000732
138.999,-7.9e-05
139.228,4.6e-05
139.457,-0.000154
139.685,0.000416
139.914,-0.001495
140.143,0.00024
140.372,-0.000174
140.6,0.001181
140.829,-9.9e-05
141.058,0.001236
141.287,0.000538
141.515,0.000479
141.744,0.001771
141.973,-0.001004
142.202,0.000548
142.43,0.000996
142.659,-0.000658
142.888,0.000186
143.117,-0.000501
143.345,0.000317
143.574,0.000687
143.803,0.000963
144.031,0.000821
144.26,-0.000255
144.489,-2.6e-05
144.718,-0.000743
144.946,-0.000596
145.175,0.001932
145.404,-0.00048
145.633,0.001667
145.861,-0.001807
146.09,-0.000186
146.319,0.000558
146.548,0.000725
146.776,-0.00162
147.005,-0.001113
147.234,-0.000961
147.462,-0.000445
147.691,-0.000755
147.92,-0.001502
148.149,-0.002074
148.377,-0.002284
148.606,-0.002479
148.835,-0.004302
149.064,-0.002202
149.292,-0.002843
149.521,-0.002354
149.75,-0.00261
149.979,-0.003251
150.207,-0.006315
150.436,-0.004642
150.665,-0.007591
150.893,-0.006112
151.122,-0.007471
151.351,-0.008591
151.58,-0.011112
151.808,-0.011727
152.037,-0.013175
152.266,-0.012419
152.495,-0.012332
152.723,-0.015471
152.952,-0.016018
153.181,-0.018341
153.41,-0.01962
153.638,-0.023093
153.867,-0.023869
154.096,-0.026848
154.325,-0.027496
154.553,-0.029932
154.782,-0.033609
155.011,-0.034099
155.239,-0.035529
155.468,-0.039082
155.697,-0.043399
155.926,-0.044169
156.154,-0.047015
156.383,-0.052146
156.612,-0.055143
156.841,-0.058294
157.069,-0.061903
157.298,-0.06352
157.527,-0.071332
157.756,-0.072951
157.984,-0.077594
158.213,-0.083424
158.442,-0.08572
158.67,-0.091522
158.899,-0.096429
159.128,-0.099853
159.357,-0.106916
159.585,-0.110953
159.814,-0.118425
160.043,-0.121837
160.272,-0.129069
160.5,-0.135738
160.729,-0.140182
160.958,-0.146461
161.187,-0.152768
161.415,-0.159609
161.644,-0.169547
161.873,-0.173552
162.102,-0.177365
162.33,-0.187462
162.559,-0.194611
162.788,-0.200319
163.016,-0.208661
163.245,-0.218526
163.474,-0.224226
163.703,-0.2286
163.931,-0.23752
164.16,-0.245721
164.389,-0.249594
164.618,-0.259286
164.846,-0.268211
165.075,-0.274272
165.304,-0.27858
165.533,-0.290288
165.761,-0.295847
165.99,-0.302101
166.219,-0.315315
166.447,-0.318369
166.676,-0.324346
166.905,-0.327752
167.134,-0.334394
167.362,-0.341783
167.591,-0.350218
167.82,-0.35938
168.049,-0.359299
168.277,-0.367358
168.506,-0.371915
168.735,-0.377233
168.964,-0.377334
169.192,-0.386378
169.421,-0.385242
169.65,-0.389285
169.878,-0.396884
170.107,-0.399715
170.336,-0.403174
170.565,-0.401055
170.793,-0.40624
171.022,-0.404103
171.251,-0.409485
171.48,-0.410331
171.708,-0.410187
171.937,-0.410962
172.166,-0.408543
172.395,-0.407891
172.623,-0.406481
172.852,-0.408829
173.081,-0.410441
173.31,-0.40233
173.538,-0.400349
173.767,-0.399063
173.996,-0.394344
174.224,-0.38971
174.453,-0.38854
174.682,-0.385879
174.911,-0.379879
175.139,-0.37475
175.368,-0.371441
175.597,-0.365497
175.826,-0.359324
176.054,-0.356033
176.283,-0.349053
176.512,-0.344035
176.741,-0.337459
176.969,-0.330357
177.198,-0.324032
177.427,-0.3196
177.655,-0.30972
177.884,-0.302817
178.113,-0.295257
178.342,-0.288043
178.57,-0.28411
178.799,-0.273113
179.028,-0.265555
179.257,-0.259324
179.485,-0.250684
179.714,-0.245014
179.943,-0.234982
180.172,-0.226774
180.4,-0.22123
180.629,-0.214511
180.858,-0.205172
181.086,-0.199095
181.315,-0.191741
181.544,-0.185234
181.773,-0.175465
182.001,-0.170304
182.23,-0.161774
182.459,-0.156586
182.688,-0.150633
182.916,-0.144504
183.145,-0.137244
183.374,-0.13058
183.603,-0.12346
183.831,-0.119274
184.06,-0.112041
184.289,-0.104602
184.518,-0.101539
184.746,-0.094551
184.975,-0.090711
185.204,-0.086387
185.432,-0.080652
185.661,-0.074788
185.89,-0.071765
186.119,-0.067617
186.347,-0.062941
186.576,-0.057528
186.805,-0.053738
187.034,-0.050708
187.262,-0.04555
187.491,-0.042717
187.72,-0.03913
187.949,-0.035157
188.177,-0.032484
188.406,-0.030154
188.635,-0.025568
188.863,-0.024019
189.092,-0.022047
189.321,-0.017638
189.55,-0.017021
189.778,-0.015102
190.007,-0.01273
190.236,-0.01055
190.465,-0.009567
190.693,-0.008001
190.922,-0.006313
191.151,-0.003432
191.38,-0.003167
191.608,-0.001202
191.837,7e-05
192.066,0.000844
192.294,0.002248
192.523,0.003867
192.752,0.00477
192.981,0.00715
193.209,0.005856
193.438,0.006528
193.667,0.006919
193.896,0.008998
194.124,0.007385
194.353,0.010088
194.582,0.010333
194.811,0.010045
195.039,0.011864
195.268,0.012239
195.497,0.012257
195.726,0.010043
195.954,0.011863
196.183,0.012697
196.412,0.013051
196.64,0.013674
196.869,0.013074
197.098,0.012189
197.327,0.012901
197.555,0.012255
197.784,0.013316
198.013,0.010115
198.242,0.010225
198.47,0.010294
198.699,0.009069
198.928,0.007928
199.157,0.006232
199.385,0.005503
199.614,0.004201
199.843,0.002557
200.071,0.000417
200.3,-0.001263
200.529,-0.003
200.758,-0.006276
200.986,-0.0088
201.215,-0.011404
201.444,-0.013994
201.673,-0.016962
201.901,-0.020562
202.13,-0.02652
202.359,-0.030821
202.588,-0.034979
202.816,-0.039815
203.045,-0.048126
203.274,-0.050455
203.503,-0.056549
203.731,-0.066647
203.96,-0.071666
204.189,-0.079229
204.417,-0.087409
204.646,-0.095346
204.875,-0.106261
205.104,-0.114884
205.332,-0.123418
205.561,-0.134755
205.79,-0.143593
206.019,-0.155802
206.247,-0.167008
206.476,-0.18073
206.705,-0.191531
206.934,-0.204729
207.162,-0.216494
207.391,-0.22967
207.62,-0.245677
207.848,-0.259094
208.077,-0.275541
208.306,-0.289032
208.535,-0.302134
208.763,-0.316411
208.992,-0.332261
209.221,-0.344829
209.45,-0.358569
209.678,-0.37197
209.907,-0.389514
210.136,-0.402748
210.365,-0.415823
210.593,-0.422567
210.822,-0.4404
211.051,-0.452228
211.279,-0.458301
211.508,-0.474939
211.737,-0.481223
211.966,-0.49108
212.194,-0.492469
212.423,-0.504123
212.652,-0.510449
212.881,-0.512477
213.109,-0.519132
213.338,-0.522013
213.567,-0.52575
213.796,-0.528693
214.024,-0.522541
214.253,-0.529032
214.482,-0.524239
214.711,-0.524067
214.939,-0.516992
215.168,-0.51386
215.397,-0.504479
215.625,-0.503886
215.854,-0.490578
216.083,-0.483412
216.312,-0.475728
216.54,-0.464321
216.769,-0.453182
216.998,-0.440665
217.227,-0.432728
217.455,-0.418688
217.684,-0.406773
217.913,-0.39335
218.142,-0.381876
218.37,-0.364719
218.599,-0.351894
218.828,-0.337065
219.056,-0.32289
219.285,-0.308585
219.514,-0.295626
219.743,-0.281975
219.971,-0.265298
220.2,-0.253863
220.429,-0.238214
220.658,-0.225272
220.886,-0.212123
221.115,-0.197186
221.344,-0.18384
221.573,-0.172128
221.801,-0.158639
222.03,-0.149859
222.259,-0.137758
222.487,-0.125869
222.716,-0.114992
222.945,-0.103967
223.174,-0.098774
223.402,-0.086948
223.631,-0.078728
223.86,-0.071667
224.089,-0.063034
224.317,-0.055212
224.546,-0.050769
224.775,-0.042353
225.004,-0.037331
225.232,-0.032224
225.461,-0.026659
225.69,-0.021321
225.919,-0.017152
226.147,-0.01194
226.376,-0.00886
226.605,-0.005164
226.833,-0.002154
227.062,0.001151
227.291,0.003561
227.52,0.007917
227.748,0.007675
227.977,0.010243
228.206,0.013012
228.435,0.0142
228.663,0.01668
228.892,0.019228
229.121,0.019592
229.35,0.020294
229.578,0.020156
229.807,0.023845
230.036,0.023845
230.264,0.025698
230.493,0.024652
230.722,0.024202
230.951,0.025705
231.179,0.026252
231.408,0.027127
231.637,0.027427
231.866,0.027969
232.094,0.029
232.323,0.02791
232.552,0.027462
232.781,0.028927
233.009,0.029225
233.238,0.02919
233.467,0.029127
233.695,0.028511
233.924,0.028196
234.153,0.028767
234.382,0.030007
234.61,0.028727
234.839,0.029524
235.068,0.031502
235.297,0.031436
235.525,0.030883
235.754,0.030765
235.983,0.029905
236.212,0.029848
236.44,0.029157
236.669,0.029444
236.898,0.030724
237.127,0.029996
237.355,0.031167
237.584,0.031265
237.813,0.031544
238.041,0.030303
238.27,0.031144
238.499,0.031309
238.728,0.030779
238.956,0.032592
239.185,0.03152
239.414,0.031236
239.643,0.031671
239.871,0.033904
240.1,0.030758
240.329,0.031133
240.558,0.03346
240.786,0.030495
241.015,0.033681
241.244,0.032306
241.472,0.031078
241.701,0.034007
241.93,0.032498
242.159,0.033416
242.387,0.033188
242.616,0.03165
242.845,0.033288
243.074,0.033124
243.302,0.032459
243.531,0.031758
243.76,0.032111
243.989,0.03333
244.217,0.0345
244.446,0.033534
244.675,0.032571
244.904,0.032716
245.132,0.035192
245.361,0.03346
245.59,0.033401
245.818,0.033628
246.047,0.034175
246.276,0.034939
246.505,0.03293
246.733,0.032412
246.962,0.032171
247.191,0.03379
247.42,0.035052
247.648,0.034149
247.877,0.033676
248.106,0.036409
248.335,0.03546
248.563,0.033605
248.792,0.034858
249.021,0.034842
249.249,0.035171
249.478,0.036382
249.707,0.034511
249.936,0.035874
250.164,0.0363
250.393,0.033122
250.622,0.035381
250.851,0.036207
251.079,0.03545
251.308,0.034992
251.537,0.034429
251.766,0.036273
251.994,0.036126
252.223,0.037859
252.452,0.036047
252.68,0.034522
252.909,0.036902
253.138,0.035283
253.367,0.03582
253.595,0.036479
253.824,0.036771
254.053,0.036227
254.282,0.036801
254.51,0.035584
254.739,0.036055
254.968,0.035496
255.197,0.037621
255.425,0.035958
255.654,0.037471
255.883,0.037786
256.112,0.037696
256.34,0.036247
256.569,0.035524
256.798,0.038487
257.026,0.037548
257.255,0.037695
257.484,0.037187
257.713,0.035781
257.941,0.037223
258.17,0.038882
258.399,0.037951
258.628,0.038404
258.856,0.039399
259.085,0.035926
259.314,0.0386
259.543,0.037233
259.771,0.038734
260,0.038484
