# Anton Paar MCR 302, 25 mm plate-plate, 1 mm gap, 25 C
# Dope: 7 wt% TEPI-crosslinked TPU in DMF
Shear rate (1/s),Shear stress (Pa),Viscosity (Pa.s)
0.01,42.8567,4285.67
0.012731,42.962,3374.47
0.016209,42.6906,2633.76
0.020636,42.9981,2083.6
0.026273,43.2597,1646.54
0.03345,43.6201,1304.06
0.042586,43.3224,1017.29
0.054218,44.1064,813.495
0.069028,44.8575,649.847
0.087883,44.6822,508.431
0.111887,46.1826,412.761
0.142449,46.6852,327.733
0.181358,48.6268,268.126
0.230895,48.8811,211.702
0.293963,49.4036,168.061
0.374258,51.5066,137.623
0.476485,52.8717,110.962
0.606634,54.8151,90.3594
0.772334,56.7805,73.5182
0.983293,58.8232,59.8226
1.25188,62.9613,50.2936
1.59382,67.2873,42.2176
2.02916,69.3806,34.1917
2.58342,74.0981,28.6822
3.28907,79.4048,24.142
4.18747,86.9682,20.7687
5.33125,92.7914,17.4052
6.78746,101.686,14.9815
8.64142,108.407,12.545
11.0018,119.906,10.8987
14.0069,133.894,9.5592
17.8328,153.419,8.6032
22.7037,169.342,7.4588
28.9052,188.246,6.5125
36.8005,211.617,5.7504
46.8524,238.74,5.0956
59.6499,267.885,4.491
75.943,301.715,3.9729
96.6865,352.474,3.6455
123.096,401.151,3.2588
156.719,460.725,2.9398
199.526,531.036,2.6615
