# Instrument: Instron 5943, 50 N load cell
# Sample: NFT-4 nanofibrous TPU aerogel fibre
# Gauge length: 20.0 mm   Crosshead: 50 mm/min   T = 23 C, 50 %RH
# Source geometry: d = 96 um, A = 7.24e-3 mm^2
Time (s),Tensile strain (%),Tensile stress (MPa)
0,0,0
0.41,0.3425,0.05864
0.821,0.685,0.10612
1.231,1.0275,0.15261
1.641,1.37,0.20491
2.052,1.7124,0.25035
2.462,2.0549,0.30982
2.872,2.3974,0.36115
3.283,2.7399,0.40709
3.693,3.0824,0.46525
4.103,3.4249,0.53022
4.514,3.7674,0.56756
4.924,4.1099,0.61948
5.334,4.4523,0.65679
5.745,4.7948,0.72114
6.155,5.1373,0.77341
6.565,5.4798,0.81928
6.976,5.8223,0.8714
7.386,6.1648,0.93275
7.796,6.5073,0.96513
8.207,6.8498,1.01628
8.617,7.1922,1.05092
9.027,7.5347,1.07759
9.438,7.8772,1.13451
9.848,8.2197,1.16561
10.258,8.5622,1.21715
10.669,8.9047,1.26427
11.079,9.2472,1.29017
11.489,9.5897,1.32065
11.9,9.9321,1.37393
12.31,10.2746,1.41245
12.721,10.6171,1.46978
13.131,10.9596,1.52721
13.541,11.3021,1.52832
13.952,11.6446,1.58576
14.362,11.9871,1.60994
14.772,12.3296,1.67877
15.183,12.6721,1.69532
15.593,13.0145,1.74164
16.003,13.357,1.80366
16.414,13.6995,1.85549
16.824,14.042,1.87485
17.234,14.3845,1.91475
17.645,14.727,1.97946
18.055,15.0695,1.99627
18.465,15.412,2.0161
18.876,15.7544,2.11316
19.286,16.0969,2.13054
19.696,16.4394,2.17045
20.107,16.7819,2.2054
20.517,17.1244,2.24924
20.927,17.4669,2.26196
21.338,17.8094,2.34013
21.748,18.1519,2.37799
22.158,18.4943,2.37171
22.569,18.8368,2.48962
22.979,19.1793,2.49423
23.389,19.5218,2.52977
23.8,19.8643,2.57438
24.21,20.2068,2.59506
24.62,20.5493,2.62861
25.031,20.8918,2.64748
25.441,21.2342,2.70764
25.851,21.5767,2.75412
26.262,21.9192,2.81835
26.672,22.2617,2.88008
27.082,22.6042,2.92694
27.493,22.9467,2.91599
27.903,23.2892,2.95143
28.313,23.6317,2.99189
28.724,23.9742,3.04642
29.134,24.3166,3.10715
29.544,24.6591,3.07907
29.955,25.0016,3.15328
30.365,25.3441,3.20746
30.775,25.6866,3.23993
31.186,26.0291,3.29828
31.596,26.3716,3.30846
32.006,26.7141,3.34122
32.417,27.0565,3.42385
32.827,27.399,3.46411
33.237,27.7415,3.47582
33.648,28.084,3.48467
34.058,28.4265,3.53184
34.468,28.769,3.62477
34.879,29.1115,3.63187
35.289,29.454,3.66737
35.7,29.7964,3.68831
36.11,30.1389,3.75229
36.52,30.4814,3.78874
36.931,30.8239,3.81675
37.341,31.1664,3.85442
37.751,31.5089,3.85647
38.162,31.8514,3.90627
38.572,32.1939,4.00845
38.982,32.5363,4.00271
39.393,32.8788,4.09953
39.803,33.2213,4.10095
40.213,33.5638,4.10448
40.624,33.9063,4.13404
41.034,34.2488,4.18279
41.444,34.5913,4.26917
41.855,34.9338,4.30991
42.265,35.2763,4.33159
42.675,35.6187,4.39999
43.086,35.9612,4.4026
43.496,36.3037,4.39705
43.906,36.6462,4.37391
44.317,36.9887,4.45906
44.727,37.3312,4.52988
45.137,37.6737,4.57843
45.548,38.0162,4.60496
45.958,38.3586,4.60791
46.368,38.7011,4.62216
46.779,39.0436,4.66623
47.189,39.3861,4.65958
47.599,39.7286,4.79045
48.01,40.0711,4.76451
48.42,40.4136,4.76764
48.83,40.7561,4.92373
49.241,41.0985,4.90221
49.651,41.441,4.93391
50.061,41.7835,4.93836
50.472,42.126,5.02132
50.882,42.4685,5.03312
51.292,42.811,5.08414
51.703,43.1535,5.10021
52.113,43.496,5.17258
52.523,43.8384,5.21291
52.934,44.1809,5.17817
53.344,44.5234,5.24107
53.754,44.8659,5.28868
54.165,45.2084,5.34687
54.575,45.5509,5.36241
54.985,45.8934,5.41747
55.396,46.2359,5.3763
55.806,46.5784,5.41257
56.216,46.9208,5.52669
56.627,47.2633,5.47514
57.037,47.6058,5.55157
57.447,47.9483,5.58366
57.858,48.2908,5.54965
58.268,48.6333,5.60587
58.679,48.9758,5.61226
59.089,49.3183,5.73255
59.499,49.6607,5.68992
59.91,50.0032,5.77217
60.32,50.3457,5.83211
60.73,50.6882,5.87385
61.141,51.0307,5.96005
61.551,51.3732,5.95694
61.961,51.7157,5.98577
62.372,52.0582,5.83333
62.782,52.4006,5.96308
63.192,52.7431,6.00955
63.603,53.0856,6.0022
64.013,53.4281,6.07482
64.423,53.7706,6.03852
64.834,54.1131,6.13289
65.244,54.4556,6.10267
65.654,54.7981,6.16564
66.065,55.1405,6.25872
66.475,55.483,6.30513
66.885,55.8255,6.28047
67.296,56.168,6.25596
67.706,56.5105,6.31816
68.116,56.853,6.34746
68.527,57.1955,6.37963
68.937,57.538,6.44563
69.347,57.8805,6.46151
69.758,58.2229,6.45254
70.168,58.5654,6.50692
70.578,58.9079,6.51334
70.989,59.2504,6.5261
71.399,59.5929,6.59532
71.809,59.9354,6.62817
72.22,60.2779,6.64493
72.63,60.6204,6.69093
73.04,60.9628,6.71821
73.451,61.3053,6.69789
73.861,61.6478,6.69491
74.271,61.9903,6.82002
74.682,62.3328,6.72756
75.092,62.6753,6.79633
75.502,63.0178,6.84876
75.913,63.3603,6.87655
76.323,63.7027,6.86429
76.733,64.0452,7.03173
77.144,64.3877,6.97292
77.554,64.7302,6.93817
77.964,65.0727,6.94569
78.375,65.4152,7.04542
78.785,65.7577,7.02452
79.195,66.1002,7.1825
79.606,66.4426,7.09071
80.016,66.7851,7.1233
80.426,67.1276,7.17644
80.837,67.4701,7.23727
81.247,67.8126,7.25323
81.658,68.1551,7.27246
82.068,68.4976,7.26481
82.478,68.8401,7.17068
82.889,69.1826,7.31772
83.299,69.525,7.35681
83.709,69.8675,7.31484
84.12,70.21,7.40232
84.53,70.5525,7.31287
84.94,70.895,7.34619
85.351,71.2375,7.46666
85.761,71.58,7.45599
86.171,71.9225,7.51749
86.582,72.2649,7.56377
86.992,72.6074,7.50469
87.402,72.9499,7.58597
87.813,73.2924,7.4774
88.223,73.6349,7.57155
88.633,73.9774,7.56401
89.044,74.3199,7.54524
89.454,74.6624,7.65168
89.864,75.0048,7.7056
90.275,75.3473,7.75262
90.685,75.6898,7.74358
91.095,76.0323,7.73371
91.506,76.3748,7.65869
91.916,76.7173,7.8144
92.326,77.0598,7.72901
92.737,77.4023,7.88907
93.147,77.7447,7.83265
93.557,78.0872,7.88899
93.968,78.4297,7.89244
94.378,78.7722,7.88541
94.788,79.1147,8.02157
95.199,79.4572,7.96445
95.609,79.7997,7.98889
96.019,80.1422,7.92938
96.43,80.4847,8.00246
96.84,80.8271,7.93036
97.25,81.1696,8.1412
97.661,81.5121,8.07452
98.071,81.8546,8.11101
98.481,82.1971,8.01095
98.892,82.5396,8.08863
99.302,82.8821,8.16331
99.712,83.2246,8.06142
100.123,83.567,8.19986
100.533,83.9095,8.06416
100.943,84.252,8.23797
101.354,84.5945,8.23975
101.764,84.937,8.31386
102.174,85.2795,8.34534
102.585,85.622,8.28044
102.995,85.9645,8.30522
103.405,86.3069,8.32997
103.816,86.6494,8.37218
104.226,86.9919,8.26711
104.637,87.3344,8.31047
105.047,87.6769,8.38831
105.457,88.0194,8.28921
105.868,88.3619,8.45226
106.278,88.7044,8.41937
106.688,89.0468,8.44115
107.099,89.3893,8.50122
107.509,89.7318,8.43625
107.919,90.0743,8.43763
108.33,90.4168,8.48854
108.74,90.7593,8.56718
109.15,91.1018,8.55877
109.561,91.4443,8.51186
109.971,91.7868,8.5209
110.381,92.1292,8.6071
110.792,92.4717,8.57598
111.202,92.8142,8.5631
111.612,93.1567,8.62836
112.023,93.4992,8.67006
112.433,93.8417,8.6228
112.843,94.1842,8.69981
113.254,94.5267,8.74642
113.664,94.8691,8.73222
114.074,95.2116,8.77779
114.485,95.5541,8.78301
114.895,95.8966,8.8149
115.305,96.2391,8.70564
115.716,96.5816,8.82085
116.126,96.9241,8.76127
116.536,97.2666,8.83285
116.947,97.609,8.88313
117.357,97.9515,8.75768
117.767,98.294,8.87463
118.178,98.6365,8.87579
118.588,98.979,8.95769
118.998,99.3215,8.9865
119.409,99.664,8.8079
119.819,100.007,8.95671
120.229,100.349,8.94373
120.64,100.691,9.05729
121.05,101.034,8.88391
121.46,101.376,9.04319
121.871,101.719,9.07547
122.281,102.061,8.95329
122.691,102.404,9.10588
123.102,102.746,9.03443
123.512,103.089,9.06209
123.922,103.431,9.10872
124.333,103.774,9.12618
124.743,104.116,9.19173
125.153,104.459,9.01193
125.564,104.801,9.15364
125.974,105.144,9.11375
126.384,105.486,9.21677
126.795,105.829,9.03612
127.205,106.171,9.19814
127.616,106.514,9.24863
128.026,106.856,9.18533
128.436,107.199,9.18619
128.847,107.541,9.17487
129.257,107.884,9.19594
129.667,108.226,9.27963
130.078,108.569,9.16203
130.488,108.911,9.22644
130.898,109.254,9.25986
131.309,109.596,9.29219
131.719,109.939,9.29234
132.129,110.281,9.35156
132.54,110.624,9.35457
132.95,110.966,9.35479
133.36,111.309,9.34828
133.771,111.651,9.4019
134.181,111.993,9.36023
134.591,112.336,9.48348
135.002,112.678,9.35203
135.412,113.021,9.34089
135.822,113.364,9.46445
136.233,113.706,9.37308
136.643,114.049,9.37941
137.053,114.391,9.35143
137.464,114.733,9.46779
137.874,115.076,9.48766
138.284,115.418,9.54376
138.695,115.761,9.55495
139.105,116.103,9.56317
139.515,116.446,9.54297
139.926,116.788,9.49207
140.336,117.131,9.53176
140.746,117.473,9.57497
141.157,117.816,9.57025
141.567,118.158,9.5863
141.977,118.501,9.55271
142.388,118.843,9.60854
142.798,119.186,9.61417
143.208,119.528,9.63926
143.619,119.871,9.61547
144.029,120.213,9.60156
144.439,120.556,9.59097
144.85,120.898,9.63143
145.26,121.241,9.65903
145.67,121.583,9.61333
146.081,121.926,9.62485
146.491,122.268,9.5483
146.901,122.611,9.68708
147.312,122.953,9.49882
147.722,123.296,9.66473
148.132,123.638,9.70539
148.543,123.981,9.69803
148.953,124.323,9.81637
149.363,124.666,9.66641
149.774,125.008,9.68892
150.184,125.351,9.71154
150.595,125.693,9.79584
151.005,126.035,9.79604
151.415,126.378,9.82501
151.826,126.721,9.81888
152.236,127.063,10.0099
152.646,127.406,9.75154
153.057,127.748,9.68932
153.467,128.09,9.82899
153.877,128.433,9.96658
154.288,128.775,9.81347
154.698,129.118,9.89248
155.108,129.46,9.86757
155.519,129.803,9.69443
155.929,130.145,9.90122
156.339,130.488,9.9103
156.75,130.83,9.86975
157.16,131.173,9.91343
157.57,131.515,9.95495
157.981,131.858,9.942
158.391,132.2,9.84267
158.801,132.543,9.89208
159.212,132.885,9.80612
159.622,133.228,9.91053
160.032,133.57,9.95076
160.443,133.913,9.84461
160.853,134.255,9.88334
161.263,134.598,9.98967
161.674,134.94,9.91802
162.084,135.283,9.99868
162.494,135.625,10.044
162.905,135.968,10.033
163.315,136.31,9.93763
163.725,136.653,9.92206
164.136,136.995,10.0275
164.546,137.338,10.0394
164.956,137.68,10.0201
165.367,138.023,9.98419
165.777,138.365,10.0577
166.187,138.708,9.92696
166.598,139.05,9.94094
167.008,139.393,10.0461
167.418,139.735,10.0819
167.829,140.077,9.96132
168.239,140.42,10.058
168.649,140.762,9.98852
169.06,141.105,9.94432
169.47,141.447,9.98368
169.88,141.79,10.1615
170.291,142.132,10.1425
170.701,142.475,10.1215
171.111,142.817,10.0639
171.522,143.16,10.1921
171.932,143.502,10.0833
172.342,143.845,10.1991
172.753,144.187,10.1126
173.163,144.53,10.085
173.574,144.872,10.1405
173.984,145.215,10.0432
174.394,145.557,10.0278
174.805,145.9,10.0297
175.215,146.242,10.1452
175.625,146.585,10.1566
176.036,146.927,10.1613
176.446,147.27,10.0981
176.856,147.612,10.2698
177.267,147.955,10.2025
177.677,148.297,10.2238
178.087,148.64,10.307
178.498,148.982,10.1951
178.908,149.325,10.1476
179.318,149.667,10.1755
179.729,150.01,10.3559
180.139,150.352,10.2105
180.549,150.695,10.3323
180.96,151.037,10.2445
181.37,151.38,10.3728
181.78,151.722,10.2596
182.191,152.065,10.1311
182.601,152.407,10.2376
183.011,152.75,10.1973
183.422,153.092,10.2753
183.832,153.435,10.2676
184.242,153.777,10.3362
184.653,154.119,10.2795
185.063,154.462,10.2809
185.473,154.804,10.2256
185.884,155.147,10.3162
186.294,155.489,10.4002
186.704,155.832,10.3028
187.115,156.174,10.292
187.525,156.517,10.242
187.935,156.859,10.2184
188.346,157.202,10.4255
188.756,157.544,10.2942
189.166,157.887,10.4395
189.577,158.229,10.2649
189.987,158.572,10.3988
190.397,158.914,10.3455
190.808,159.257,10.3631
191.218,159.599,10.2882
191.628,159.942,10.3943
192.039,160.284,10.4512
192.449,160.627,10.429
192.859,160.969,10.3355
193.27,161.312,10.3702
193.68,161.654,10.3986
194.09,161.997,10.4121
194.501,162.339,10.4032
194.911,162.682,10.4187
195.321,163.024,10.3778
195.732,163.367,10.3762
196.142,163.709,10.4477
196.553,164.052,10.4479
196.963,164.394,10.4297
197.373,164.737,10.4482
197.784,165.079,10.3728
198.194,165.422,10.2634
198.604,165.764,10.4123
199.015,166.107,10.4785
199.425,166.449,10.3775
199.835,166.792,10.5361
200.246,167.134,10.5466
200.656,167.477,10.4286
201.066,167.819,10.4131
201.477,168.162,10.3479
201.887,168.504,10.5042
202.297,168.846,10.4298
202.708,169.189,10.5572
203.118,169.531,10.4662
203.528,169.874,10.5541
203.939,170.216,10.4492
204.349,170.559,10.5088
204.759,170.901,10.4721
205.17,171.244,10.5132
205.58,171.586,10.4535
205.99,171.929,10.5453
206.401,172.271,10.5571
206.811,172.614,10.5571
207.221,172.956,10.5152
207.632,173.299,10.3927
208.042,173.641,10.5483
208.452,173.984,10.5704
208.863,174.326,10.5033
209.273,174.669,10.5099
209.683,175.011,10.5589
210.094,175.354,10.4084
210.504,175.696,10.4931
210.914,176.039,10.5668
211.325,176.381,10.4876
211.735,176.724,10.5431
212.145,177.066,10.4772
212.556,177.409,10.5618
212.966,177.751,10.6607
213.376,178.094,10.5495
213.787,178.436,10.5465
214.197,178.779,10.6279
214.607,179.121,10.5443
215.018,179.464,10.4716
215.428,179.806,10.6367
215.838,180.149,10.6112
216.249,180.491,10.6469
216.659,180.834,10.6878
217.069,181.176,10.6756
217.48,181.519,10.6236
217.89,181.861,10.7178
218.3,182.204,10.6904
218.711,182.546,10.6034
219.121,182.888,10.6786
219.532,183.231,10.5387
219.942,183.573,10.622
220.352,183.916,10.5006
220.763,184.258,10.6304
221.173,184.601,10.6565
221.583,184.944,10.5712
221.994,185.286,10.6997
222.404,185.628,10.7291
222.814,185.971,10.5681
223.225,186.313,10.6485
223.635,186.656,10.5915
224.045,186.998,10.6593
224.456,187.341,10.5868
224.866,187.683,10.6576
225.276,188.026,10.5369
225.687,188.368,10.5981
226.097,188.711,10.8156
226.507,189.053,10.6026
226.918,189.396,10.6231
227.328,189.738,10.6672
227.738,190.081,10.7603
228.149,190.423,10.6813
228.559,190.766,10.7824
228.969,191.108,10.7205
229.38,191.451,10.6827
229.79,191.793,10.6545
230.2,192.136,10.6517
230.611,192.478,10.6922
231.021,192.821,10.5709
231.431,193.163,10.6219
231.842,193.506,10.706
232.252,193.848,10.6805
232.662,194.191,10.8038
233.073,194.533,10.7989
233.483,194.876,10.6745
233.893,195.218,10.8374
234.304,195.561,10.7278
234.714,195.903,10.7507
235.124,196.246,10.6745
235.535,196.588,10.5733
235.945,196.93,10.7701
236.355,197.273,10.7233
236.766,197.615,10.6783
237.176,197.958,10.7398
237.586,198.3,10.6856
237.997,198.643,10.7557
238.407,198.986,10.7183
238.817,199.328,10.7033
239.228,199.67,10.8209
239.638,200.013,10.7881
240.048,200.355,10.9053
240.459,200.698,10.6686
240.869,201.04,10.6089
241.279,201.383,10.7686
241.69,201.725,10.7818
242.1,202.068,10.807
242.511,202.41,10.7771
242.921,202.753,10.7401
243.331,203.095,10.7825
243.742,203.438,10.7651
244.152,203.78,10.8267
244.562,204.123,10.8147
244.973,204.465,10.8238
245.383,204.808,10.8318
245.793,205.15,10.7532
246.204,205.493,10.6835
246.614,205.835,10.8291
247.024,206.178,10.8263
247.435,206.52,10.8482
247.845,206.863,10.7105
248.255,207.205,10.7616
248.666,207.548,10.9415
249.076,207.89,10.8067
249.486,208.233,10.8187
249.897,208.575,10.8323
250.307,208.918,10.7301
250.717,209.26,10.8741
251.128,209.603,10.7267
251.538,209.945,10.7627
251.948,210.288,11.0745
252.359,210.63,10.8967
252.769,210.972,10.7962
253.179,211.315,10.7987
253.59,211.657,10.7066
254,212,10.546
