# TA Instruments Q500, N2 50 mL/min, 10 C/min
# Sample: NFT-4 nanofibrous TPU aerogel, 8.42 mg
Temperature (C),Weight (%),Time (min)
30,99.9795,0
30.642,99.8662,0.064
31.284,99.9259,0.128
31.927,99.9793,0.193
32.569,100.091,0.257
33.211,99.9791,0.321
33.853,99.9824,0.385
34.495,100.013,0.45
35.138,100.029,0.514
35.78,100.025,0.578
36.422,99.9772,0.642
37.064,100.128,0.706
37.706,100.027,0.771
38.349,100.065,0.835
38.991,100.024,0.899
39.633,99.8907,0.963
40.275,99.9361,1.028
40.917,100.019,1.092
41.56,100.023,1.156
42.202,99.9827,1.22
42.844,100.037,1.284
43.486,99.91,1.349
44.128,100.08,1.413
44.771,100.147,1.477
45.413,100.112,1.541
46.055,99.9693,1.606
46.697,99.9233,1.67
47.339,99.9108,1.734
47.982,100.038,1.798
48.624,100.072,1.862
49.266,99.9908,1.927
49.908,100.117,1.991
50.55,99.989,2.055
51.193,99.9515,2.119
51.835,99.9331,2.183
52.477,100,2.248
53.119,100.117,2.312
53.761,100.023,2.376
54.404,100.031,2.44
55.046,100.097,2.505
55.688,100.011,2.569
56.33,100.075,2.633
56.972,99.9289,2.697
57.615,100.176,2.761
58.257,99.982,2.826
58.899,100.026,2.89
59.541,100.015,2.954
60.183,99.9927,3.018
60.826,100.046,3.083
61.468,99.9942,3.147
62.11,99.9831,3.211
62.752,100.159,3.275
63.394,99.9004,3.339
64.037,100.043,3.404
64.679,100.065,3.468
65.321,99.9674,3.532
65.963,99.9435,3.596
66.606,99.9061,3.661
67.248,99.9645,3.725
67.89,100.038,3.789
68.532,99.9361,3.853
69.174,100.14,3.917
69.817,100.102,3.982
70.459,99.9903,4.046
71.101,100.058,4.11
71.743,100.036,4.174
72.385,100.129,4.239
73.028,99.9529,4.303
73.67,99.9717,4.367
74.312,99.9909,4.431
74.954,99.9752,4.495
75.596,100.142,4.56
76.239,99.802,4.624
76.881,99.9816,4.688
77.523,99.9879,4.752
78.165,99.9976,4.817
78.807,99.9129,4.881
79.45,100.137,4.945
80.092,99.9603,5.009
80.734,99.951,5.073
81.376,99.963,5.138
82.018,99.9573,5.202
82.661,99.9692,5.266
83.303,99.8792,5.33
83.945,100.014,5.394
84.587,99.9253,5.459
85.229,100.1,5.523
85.872,100.011,5.587
86.514,100.022,5.651
87.156,99.9499,5.716
87.798,99.9076,5.78
88.44,100.08,5.844
89.083,99.9116,5.908
89.725,99.9305,5.972
90.367,100.045,6.037
91.009,99.9603,6.101
91.651,99.9822,6.165
92.294,99.9973,6.229
92.936,100.091,6.294
93.578,99.8914,6.358
94.22,99.9573,6.422
94.862,99.9249,6.486
95.505,100.082,6.55
96.147,100.092,6.615
96.789,99.9833,6.679
97.431,100.134,6.743
98.073,99.9943,6.807
98.716,100.138,6.872
99.358,100.1,6.936
100,99.9762,7
100.642,100.066,7.064
101.284,99.9005,7.128
101.927,99.9803,7.193
102.569,100.05,7.257
103.211,100.055,7.321
103.853,99.8583,7.385
104.495,99.958,7.45
105.138,99.9859,7.514
105.78,99.9196,7.578
106.422,100.017,7.642
107.064,100.026,7.706
107.706,100.064,7.771
108.349,99.9759,7.835
108.991,99.9669,7.899
109.633,99.8994,7.963
110.275,100.009,8.028
110.917,100.172,8.092
111.56,99.9442,8.156
112.202,99.9711,8.22
112.844,100.021,8.284
113.486,99.9726,8.349
114.128,100.032,8.413
114.771,99.9842,8.477
115.413,99.9432,8.541
116.055,100.049,8.606
116.697,99.9417,8.67
117.339,99.9855,8.734
117.982,100.043,8.798
118.624,100.007,8.862
119.266,100.07,8.927
119.908,99.8638,8.991
120.55,99.9727,9.055
121.193,100.03,9.119
121.835,99.9334,9.183
122.477,99.9811,9.248
123.119,100.015,9.312
123.761,100.041,9.376
124.404,100.102,9.44
125.046,99.9587,9.505
125.688,100.01,9.569
126.33,100.096,9.633
126.972,99.9503,9.697
127.615,100.027,9.761
128.257,99.9687,9.826
128.899,99.8923,9.89
129.541,99.9711,9.954
130.183,100.019,10.018
130.826,99.8755,10.083
131.468,100.047,10.147
132.11,99.9227,10.211
132.752,99.8841,10.275
133.394,99.974,10.339
134.037,100.1,10.404
134.679,99.7588,10.468
135.321,99.9425,10.532
135.963,100.009,10.596
136.606,100.032,10.661
137.248,99.9794,10.725
137.89,100.078,10.789
138.532,99.9307,10.853
139.174,99.8312,10.917
139.817,99.9985,10.982
140.459,99.9441,11.046
141.101,100.052,11.11
141.743,100.04,11.174
142.385,99.9864,11.239
143.028,100.038,11.303
143.67,100,11.367
144.312,100.035,11.431
144.954,99.98,11.495
145.596,99.946,11.56
146.239,99.9711,11.624
146.881,100.1,11.688
147.523,99.9371,11.752
148.165,99.9905,11.817
148.807,100.01,11.881
149.45,100.015,11.945
150.092,99.9978,12.009
150.734,99.9089,12.073
151.376,99.9733,12.138
152.018,99.9855,12.202
152.661,99.8421,12.266
153.303,99.9835,12.33
153.945,99.8921,12.394
154.587,100.003,12.459
155.229,100.017,12.523
155.872,99.9577,12.587
156.514,100.019,12.651
157.156,100.004,12.716
157.798,100.07,12.78
158.44,100.022,12.844
159.083,100.035,12.908
159.725,100.032,12.972
160.367,99.8803,13.037
161.009,100.008,13.101
161.651,99.8606,13.165
162.294,99.8542,13.229
162.936,99.9153,13.294
163.578,100.004,13.358
164.22,99.8131,13.422
164.862,100.004,13.486
165.505,100.025,13.55
166.147,99.9491,13.615
166.789,99.944,13.679
167.431,100.041,13.743
168.073,99.9336,13.807
168.716,99.9133,13.872
169.358,99.8719,13.936
170,100.081,14
170.642,99.9475,14.064
171.284,100.048,14.128
171.927,99.9055,14.193
172.569,99.922,14.257
173.211,100.051,14.321
173.853,99.8455,14.385
174.495,100.019,14.45
175.138,99.9459,14.514
175.78,100.038,14.578
176.422,99.9281,14.642
177.064,99.8624,14.706
177.706,99.9505,14.771
178.349,99.954,14.835
178.991,99.8385,14.899
179.633,99.8847,14.963
180.275,99.9851,15.028
180.917,99.8706,15.092
181.56,100.064,15.156
182.202,99.8177,15.22
182.844,99.8932,15.284
183.486,99.8433,15.349
184.128,99.9378,15.413
184.771,99.7756,15.477
185.413,99.9699,15.541
186.055,99.8047,15.606
186.697,100.002,15.67
187.339,99.8529,15.734
187.982,99.8325,15.798
188.624,99.9274,15.862
189.266,99.8716,15.927
189.908,99.8774,15.991
190.55,99.8746,16.055
191.193,99.9227,16.119
191.835,99.7082,16.183
192.477,99.8207,16.248
193.119,99.6942,16.312
193.761,99.7624,16.376
194.404,99.8321,16.44
195.046,99.7921,16.505
195.688,99.9143,16.569
196.33,99.8403,16.633
196.972,99.8092,16.697
197.615,99.7217,16.761
198.257,99.8529,16.826
198.899,99.8405,16.89
199.541,99.6783,16.954
200.183,99.8033,17.018
200.826,99.842,17.083
201.468,99.9085,17.147
202.11,99.9578,17.211
202.752,99.7587,17.275
203.394,99.8567,17.339
204.037,99.7566,17.404
204.679,99.7345,17.468
205.321,99.6464,17.532
205.963,99.7722,17.596
206.606,99.6826,17.661
207.248,99.7666,17.725
207.89,99.8914,17.789
208.532,99.6616,17.853
209.174,99.7035,17.917
209.817,99.6847,17.982
210.459,99.7076,18.046
211.101,99.6859,18.11
211.743,99.6063,18.174
212.385,99.7693,18.239
213.028,99.6791,18.303
213.67,99.6475,18.367
214.312,99.625,18.431
214.954,99.6811,18.495
215.596,99.7122,18.56
216.239,99.4847,18.624
216.881,99.5224,18.688
217.523,99.6621,18.752
218.165,99.6242,18.817
218.807,99.511,18.881
219.45,99.5322,18.945
220.092,99.4037,19.009
220.734,99.575,19.073
221.376,99.578,19.138
222.018,99.4974,19.202
222.661,99.5492,19.266
223.303,99.5292,19.33
223.945,99.5212,19.394
224.587,99.3719,19.459
225.229,99.5176,19.523
225.872,99.4374,19.587
226.514,99.3704,19.651
227.156,99.4189,19.716
227.798,99.5385,19.78
228.44,99.3614,19.844
229.083,99.3624,19.908
229.725,99.2922,19.972
230.367,99.4085,20.037
231.009,99.3689,20.101
231.651,99.263,20.165
232.294,99.2334,20.229
232.936,99.1219,20.294
233.578,99.1543,20.358
234.22,99.3858,20.422
234.862,99.3445,20.486
235.505,99.1965,20.55
236.147,99.0914,20.615
236.789,99.1175,20.679
237.431,99.225,20.743
238.073,99.0599,20.807
238.716,99.0962,20.872
239.358,99.0804,20.936
240,98.9408,21
240.642,98.885,21.064
241.284,99.0733,21.128
241.927,98.9787,21.193
242.569,98.9111,21.257
243.211,98.9535,21.321
243.853,98.9011,21.385
244.495,98.7923,21.45
245.138,98.8296,21.514
245.78,98.8176,21.578
246.422,98.7136,21.642
247.064,98.7193,21.706
247.706,98.7093,21.771
248.349,98.6736,21.835
248.991,98.7713,21.899
249.633,98.6517,21.963
250.275,98.5621,22.028
250.917,98.6958,22.092
251.56,98.5164,22.156
252.202,98.625,22.22
252.844,98.4923,22.284
253.486,98.4137,22.349
254.128,98.3416,22.413
254.771,98.3342,22.477
255.413,98.322,22.541
256.055,98.4438,22.606
256.697,98.3195,22.67
257.339,98.3001,22.734
257.982,98.2422,22.798
258.624,98.2433,22.862
259.266,98.3423,22.927
259.908,98.2401,22.991
260.55,98.2423,23.055
261.193,98.0355,23.119
261.835,98.1382,23.183
262.477,97.9883,23.248
263.119,97.9901,23.312
263.761,97.9714,23.376
264.404,97.9022,23.44
265.046,97.92,23.505
265.688,97.8717,23.569
266.33,97.8453,23.633
266.972,97.9102,23.697
267.615,97.9012,23.761
268.257,97.8298,23.826
268.899,97.7371,23.89
269.541,97.6317,23.954
270.183,97.6297,24.018
270.826,97.704,24.083
271.468,97.6528,24.147
272.11,97.7,24.211
272.752,97.463,24.275
273.394,97.5581,24.339
274.037,97.5267,24.404
274.679,97.4219,24.468
275.321,97.3623,24.532
275.963,97.4822,24.596
276.606,97.4973,24.661
277.248,97.3214,24.725
277.89,97.2749,24.789
278.532,97.2521,24.853
279.174,97.1734,24.917
279.817,97.2943,24.982
280.459,97.2343,25.046
281.101,97.1292,25.11
281.743,97.2357,25.174
282.385,97.1242,25.239
283.028,97.0126,25.303
283.67,97.0811,25.367
284.312,96.991,25.431
284.954,97.0313,25.495
285.596,96.9012,25.56
286.239,97.0209,25.624
286.881,97.0785,25.688
287.523,96.9599,25.752
288.165,96.9139,25.817
288.807,96.7875,25.881
289.45,96.8036,25.945
290.092,96.7845,26.009
290.734,96.7482,26.073
291.376,96.5892,26.138
292.018,96.6597,26.202
292.661,96.6653,26.266
293.303,96.5416,26.33
293.945,96.4621,26.394
294.587,96.5351,26.459
295.229,96.6845,26.523
295.872,96.4693,26.587
296.514,96.467,26.651
297.156,96.4181,26.716
297.798,96.4105,26.78
298.44,96.3516,26.844
299.083,96.2236,26.908
299.725,96.3467,26.972
300.367,96.2473,27.037
301.009,96.1121,27.101
301.651,96.1643,27.165
302.294,96.0619,27.229
302.936,96.0171,27.294
303.578,96.1418,27.358
304.22,96.0895,27.422
304.862,96.0191,27.486
305.505,95.9534,27.55
306.147,95.8548,27.615
306.789,95.8723,27.679
307.431,95.8271,27.743
308.073,95.8184,27.807
308.716,95.6668,27.872
309.358,95.7508,27.936
310,95.6854,28
310.642,95.5643,28.064
311.284,95.6549,28.128
311.927,95.5041,28.193
312.569,95.5163,28.257
313.211,95.3137,28.321
313.853,95.3538,28.385
314.495,95.2876,28.45
315.138,95.2703,28.514
315.78,95.1604,28.578
316.422,95.1251,28.642
317.064,95.0966,28.706
317.706,95.1122,28.771
318.349,94.8698,28.835
318.991,94.997,28.899
319.633,94.9261,28.963
320.275,94.7141,29.028
320.917,94.6157,29.092
321.56,94.5182,29.156
322.202,94.3439,29.22
322.844,94.4123,29.284
323.486,94.2743,29.349
324.128,94.0318,29.413
324.771,94.0134,29.477
325.413,94.0391,29.541
326.055,93.8982,29.606
326.697,93.7143,29.67
327.339,93.667,29.734
327.982,93.5699,29.798
328.624,93.5722,29.862
329.266,93.328,29.927
329.908,93.1497,29.991
330.55,92.8727,30.055
331.193,92.8499,30.119
331.835,92.8056,30.183
332.477,92.6444,30.248
333.119,92.4692,30.312
333.761,92.3043,30.376
334.404,92.0623,30.44
335.046,92.0307,30.505
335.688,91.7,30.569
336.33,91.6204,30.633
336.972,91.4213,30.697
337.615,91.1849,30.761
338.257,90.8764,30.826
338.899,90.6842,30.89
339.541,90.5373,30.954
340.183,90.3548,31.018
340.826,90.122,31.083
341.468,89.7367,31.147
342.11,89.5497,31.211
342.752,89.2463,31.275
343.394,89.0331,31.339
344.037,88.7362,31.404
344.679,88.5065,31.468
345.321,88.1214,31.532
345.963,87.7386,31.596
346.606,87.5112,31.661
347.248,87.1209,31.725
347.89,86.8688,31.789
348.532,86.2923,31.853
349.174,86.1136,31.917
349.817,85.7596,31.982
350.459,85.2652,32.046
351.101,84.9507,32.11
351.743,84.6465,32.174
352.385,84.2106,32.239
353.028,83.6313,32.303
353.67,83.3643,32.367
354.312,82.78,32.431
354.954,82.3441,32.495
355.596,81.8258,32.56
356.239,81.4268,32.624
356.881,80.9356,32.688
357.523,80.4227,32.752
358.165,79.8614,32.817
358.807,79.4116,32.881
359.45,78.8129,32.945
360.092,78.258,33.009
360.734,77.8361,33.073
361.376,77.1411,33.138
362.018,76.6839,33.202
362.661,76.0924,33.266
363.303,75.4183,33.33
363.945,74.7951,33.394
364.587,74.2217,33.459
365.229,73.5136,33.523
365.872,72.9917,33.587
366.514,72.2875,33.651
367.156,71.7133,33.716
367.798,71.0583,33.78
368.44,70.4964,33.844
369.083,69.8789,33.908
369.725,69.1377,33.972
370.367,68.5365,34.037
371.009,67.8726,34.101
371.651,67.2803,34.165
372.294,66.6032,34.229
372.936,65.904,34.294
373.578,65.3082,34.358
374.22,64.6385,34.422
374.862,64.0809,34.486
375.505,63.3181,34.55
376.147,62.7755,34.615
376.789,62.1079,34.679
377.431,61.51,34.743
378.073,60.9009,34.807
378.716,60.2449,34.872
379.358,59.5606,34.936
380,59.0199,35
380.642,58.5005,35.064
381.284,57.8486,35.128
381.927,57.2242,35.193
382.569,56.6331,35.257
383.211,56.0872,35.321
383.853,55.5355,35.385
384.495,54.9434,35.45
385.138,54.4073,35.514
385.78,53.9855,35.578
386.422,53.4008,35.642
387.064,52.8733,35.706
387.706,52.4279,35.771
388.349,51.874,35.835
388.991,51.4008,35.899
389.633,50.9114,35.963
390.275,50.4679,36.028
390.917,50.036,36.092
391.56,49.5893,36.156
392.202,49.1706,36.22
392.844,48.7766,36.284
393.486,48.2898,36.349
394.128,47.9802,36.413
394.771,47.5408,36.477
395.413,47.2407,36.541
396.055,46.8273,36.606
396.697,46.455,36.67
397.339,46.1841,36.734
397.982,45.8278,36.798
398.624,45.4918,36.862
399.266,45.1627,36.927
399.908,44.8159,36.991
400.55,44.5013,37.055
401.193,44.2938,37.119
401.835,43.9796,37.183
402.477,43.6907,37.248
403.119,43.4685,37.312
403.761,43.219,37.376
404.404,43.0092,37.44
405.046,42.6801,37.505
405.688,42.4885,37.569
406.33,42.2312,37.633
406.972,42.0599,37.697
407.615,41.7824,37.761
408.257,41.6173,37.826
408.899,41.3761,37.89
409.541,41.1792,37.954
410.183,41.0075,38.018
410.826,40.8066,38.083
411.468,40.6324,38.147
412.11,40.4763,38.211
412.752,40.2519,38.275
413.394,40.1329,38.339
414.037,39.9551,38.404
414.679,39.8156,38.468
415.321,39.601,38.532
415.963,39.5263,38.596
416.606,39.3307,38.661
417.248,39.1663,38.725
417.89,39.0449,38.789
418.532,38.985,38.853
419.174,38.7953,38.917
419.817,38.6491,38.982
420.459,38.536,39.046
421.101,38.3959,39.11
421.743,38.3026,39.174
422.385,38.2249,39.239
423.028,38.0584,39.303
423.67,37.9989,39.367
424.312,37.8682,39.431
424.954,37.7753,39.495
425.596,37.6261,39.56
426.239,37.4476,39.624
426.881,37.3887,39.688
427.523,37.2914,39.752
428.165,37.2301,39.817
428.807,37.1052,39.881
429.45,36.9684,39.945
430.092,36.8853,40.009
430.734,36.783,40.073
431.376,36.6873,40.138
432.018,36.6156,40.202
432.661,36.5116,40.266
433.303,36.3856,40.33
433.945,36.3152,40.394
434.587,36.174,40.459
435.229,36.1092,40.523
435.872,36.0423,40.587
436.514,35.9046,40.651
437.156,35.8399,40.716
437.798,35.6967,40.78
438.44,35.6511,40.844
439.083,35.4953,40.908
439.725,35.4096,40.972
440.367,35.3388,41.037
441.009,35.2519,41.101
441.651,35.1577,41.165
442.294,35.0561,41.229
442.936,35.0489,41.294
443.578,34.9421,41.358
444.22,34.8009,41.422
444.862,34.7006,41.486
445.505,34.6386,41.55
446.147,34.5612,41.615
446.789,34.4283,41.679
447.431,34.3668,41.743
448.073,34.2383,41.807
448.716,34.1492,41.872
449.358,34.1304,41.936
450,34.026,42
450.642,33.9075,42.064
451.284,33.8724,42.128
451.927,33.7272,42.193
452.569,33.6236,42.257
453.211,33.5465,42.321
453.853,33.4691,42.385
454.495,33.4522,42.45
455.138,33.3514,42.514
455.78,33.2393,42.578
456.422,33.1461,42.642
457.064,33.0786,42.706
457.706,33.0696,42.771
458.349,32.9222,42.835
458.991,32.8057,42.899
459.633,32.7513,42.963
460.275,32.6046,43.028
460.917,32.5991,43.092
461.56,32.5491,43.156
462.202,32.3915,43.22
462.844,32.3988,43.284
463.486,32.2235,43.349
464.128,32.1947,43.413
464.771,32.1606,43.477
465.413,32.0498,43.541
466.055,32.0301,43.606
466.697,31.9115,43.67
467.339,31.8653,43.734
467.982,31.8307,43.798
468.624,31.7372,43.862
469.266,31.6632,43.927
469.908,31.5878,43.991
470.55,31.5446,44.055
471.193,31.4864,44.119
471.835,31.4162,44.183
472.477,31.3144,44.248
473.119,31.2797,44.312
473.761,31.2351,44.376
474.404,31.1371,44.44
475.046,31.1842,44.505
475.688,31.0104,44.569
476.33,31.0436,44.633
476.972,30.9304,44.697
477.615,30.8892,44.761
478.257,30.8361,44.826
478.899,30.7346,44.89
479.541,30.7738,44.954
480.183,30.7748,45.018
480.826,30.6547,45.083
481.468,30.6023,45.147
482.11,30.534,45.211
482.752,30.5419,45.275
483.394,30.507,45.339
484.037,30.4642,45.404
484.679,30.445,45.468
485.321,30.3226,45.532
485.963,30.3319,45.596
486.606,30.2904,45.661
487.248,30.3062,45.725
487.89,30.2069,45.789
488.532,30.2008,45.853
489.174,30.1376,45.917
489.817,30.065,45.982
490.459,30.0648,46.046
491.101,30.0861,46.11
491.743,30.0003,46.174
492.385,29.9882,46.239
493.028,29.9483,46.303
493.67,29.9547,46.367
494.312,29.8645,46.431
494.954,29.8586,46.495
495.596,29.8445,46.56
496.239,29.8271,46.624
496.881,29.7747,46.688
497.523,29.7927,46.752
498.165,29.7371,46.817
498.807,29.6775,46.881
499.45,29.7399,46.945
500.092,29.6736,47.009
500.734,29.6424,47.073
501.376,29.5928,47.138
502.018,29.5894,47.202
502.661,29.6182,47.266
503.303,29.6123,47.33
503.945,29.5517,47.394
504.587,29.5422,47.459
505.229,29.514,47.523
505.872,29.5011,47.587
506.514,29.4753,47.651
507.156,29.48,47.716
507.798,29.4256,47.78
508.44,29.403,47.844
509.083,29.3945,47.908
509.725,29.441,47.972
510.367,29.4105,48.037
511.009,29.3194,48.101
511.651,29.4186,48.165
512.294,29.3652,48.229
512.936,29.3508,48.294
513.578,29.3687,48.358
514.22,29.3207,48.422
514.862,29.3272,48.486
515.505,29.2801,48.55
516.147,29.331,48.615
516.789,29.3102,48.679
517.431,29.2579,48.743
518.073,29.2807,48.807
518.716,29.2786,48.872
519.358,29.2664,48.936
520,29.1859,49
520.642,29.2403,49.064
521.284,29.2554,49.128
521.927,29.2044,49.193
522.569,29.1803,49.257
523.211,29.165,49.321
523.853,29.227,49.385
524.495,29.2065,49.45
525.138,29.1963,49.514
525.78,29.1483,49.578
526.422,29.1868,49.642
527.064,29.1621,49.706
527.706,29.1153,49.771
528.349,29.1619,49.835
528.991,29.1553,49.899
529.633,29.1596,49.963
530.275,29.1614,50.028
530.917,29.1624,50.092
531.56,29.1189,50.156
532.202,29.1409,50.22
532.844,29.1065,50.284
533.486,29.1577,50.349
534.128,29.1094,50.413
534.771,29.0891,50.477
535.413,29.1086,50.541
536.055,29.119,50.606
536.697,29.0901,50.67
537.339,29.1499,50.734
537.982,29.0705,50.798
538.624,29.0963,50.862
539.266,29.0538,50.927
539.908,29.0773,50.991
540.55,29.0874,51.055
541.193,29.0839,51.119
541.835,29.0756,51.183
542.477,29.0513,51.248
543.119,29.1097,51.312
543.761,29.0538,51.376
544.404,29.0747,51.44
545.046,29.0748,51.505
545.688,29.0671,51.569
546.33,29.0742,51.633
546.972,29.086,51.697
547.615,29.0367,51.761
548.257,29.0036,51.826
548.899,29.0698,51.89
549.541,29.0906,51.954
550.183,29.0852,52.018
550.826,29.0343,52.083
551.468,29.07,52.147
552.11,29.065,52.211
552.752,29.0237,52.275
553.394,29.0599,52.339
554.037,29.0289,52.404
554.679,29.0365,52.468
555.321,29.0292,52.532
555.963,29.0383,52.596
556.606,28.9815,52.661
557.248,29.0479,52.725
557.89,29.0605,52.789
558.532,29.0842,52.853
559.174,29.045,52.917
559.817,28.9799,52.982
560.459,29.0852,53.046
561.101,29.014,53.11
561.743,29.012,53.174
562.385,29.051,53.239
563.028,29.0581,53.303
563.67,29.0265,53.367
564.312,29.0403,53.431
564.954,29.0286,53.495
565.596,29.0521,53.56
566.239,29.0455,53.624
566.881,29.0214,53.688
567.523,29.0341,53.752
568.165,28.9845,53.817
568.807,28.9878,53.881
569.45,29.0581,53.945
570.092,29.02,54.009
570.734,29.0305,54.073
571.376,29.028,54.138
572.018,29.0066,54.202
572.661,29.0336,54.266
573.303,29.0284,54.33
573.945,29.015,54.394
574.587,29.0063,54.459
575.229,29.0035,54.523
575.872,28.9969,54.587
576.514,29.0033,54.651
577.156,29.0026,54.716
577.798,29.0007,54.78
578.44,29.0384,54.844
579.083,29.0162,54.908
579.725,29.006,54.972
580.367,29.0553,55.037
581.009,28.997,55.101
581.651,29.0171,55.165
582.294,29.0148,55.229
582.936,29.0414,55.294
583.578,28.9867,55.358
584.22,29.0665,55.422
584.862,29.0634,55.486
585.505,28.997,55.55
586.147,29.0273,55.615
586.789,28.992,55.679
587.431,29.0301,55.743
588.073,29.0661,55.807
588.716,29.0566,55.872
589.358,29.03,55.936
590,29.0322,56
590.642,29.0262,56.064
591.284,28.9789,56.128
591.927,29.0104,56.193
592.569,29.0291,56.257
593.211,28.9992,56.321
593.853,28.9967,56.385
594.495,29.0045,56.45
595.138,29.0083,56.514
595.78,29.0264,56.578
596.422,28.9873,56.642
597.064,29.012,56.706
597.706,28.9943,56.771
598.349,29.0346,56.835
598.991,28.9769,56.899
599.633,29.0469,56.963
600.275,29.0066,57.028
600.917,29.038,57.092
601.56,28.9704,57.156
602.202,28.9986,57.22
602.844,29.028,57.284
603.486,29.0153,57.349
604.128,28.9985,57.413
604.771,28.9846,57.477
605.413,29.0385,57.541
606.055,28.9954,57.606
606.697,28.9904,57.67
607.339,28.9718,57.734
607.982,28.9923,57.798
608.624,28.9963,57.862
609.266,28.9843,57.927
609.908,29.0327,57.991
610.55,28.9935,58.055
611.193,28.9447,58.119
611.835,28.999,58.183
612.477,28.9747,58.248
613.119,29.0377,58.312
613.761,29.0018,58.376
614.404,28.9954,58.44
615.046,28.9961,58.505
615.688,29.0065,58.569
616.33,29.0097,58.633
616.972,28.9974,58.697
617.615,28.9756,58.761
618.257,29.0011,58.826
618.899,29.0105,58.89
619.541,28.9887,58.954
620.183,28.9881,59.018
620.826,29.0389,59.083
621.468,29.0175,59.147
622.11,28.9908,59.211
622.752,29.011,59.275
623.394,29.025,59.339
624.037,28.9548,59.404
624.679,28.9982,59.468
625.321,28.9751,59.532
625.963,28.9329,59.596
626.606,28.9847,59.661
627.248,29.019,59.725
627.89,29.0118,59.789
628.532,29.016,59.853
629.174,28.9978,59.917
629.817,29.0158,59.982
630.459,29.0503,60.046
631.101,29.0055,60.11
631.743,29.042,60.174
632.385,29.0426,60.239
633.028,29.0469,60.303
633.67,29.0078,60.367
634.312,28.998,60.431
634.954,29.0226,60.495
635.596,29.0259,60.56
636.239,29.0048,60.624
636.881,29.0337,60.688
637.523,28.9978,60.752
638.165,29.0293,60.817
638.807,28.9966,60.881
639.45,28.984,60.945
640.092,29.0293,61.009
640.734,29.0133,61.073
641.376,28.9924,61.138
642.018,28.9881,61.202
642.661,29.029,61.266
643.303,29.0053,61.33
643.945,29.0044,61.394
644.587,28.9843,61.459
645.229,29.007,61.523
645.872,29.0689,61.587
646.514,29.0029,61.651
647.156,28.9902,61.716
647.798,28.9928,61.78
648.44,28.989,61.844
649.083,28.9732,61.908
649.725,28.9872,61.972
650.367,28.9882,62.037
651.009,28.9787,62.101
651.651,28.9985,62.165
652.294,28.977,62.229
652.936,28.9969,62.294
653.578,29.0187,62.358
654.22,29.0258,62.422
654.862,28.9766,62.486
655.505,29.0633,62.55
656.147,28.9853,62.615
656.789,28.9685,62.679
657.431,28.9764,62.743
658.073,28.9998,62.807
658.716,28.9266,62.872
659.358,28.9948,62.936
660,28.9665,63
660.642,28.9945,63.064
661.284,28.9513,63.128
661.927,29.0663,63.193
662.569,29.0416,63.257
663.211,28.9967,63.321
663.853,28.9539,63.385
664.495,28.9624,63.45
665.138,28.9578,63.514
665.78,28.9939,63.578
666.422,29.0204,63.642
667.064,28.9919,63.706
667.706,28.9714,63.771
668.349,29.0071,63.835
668.991,28.9996,63.899
669.633,29.0756,63.963
670.275,29.019,64.028
670.917,28.9811,64.092
671.56,28.9953,64.156
672.202,29.0802,64.22
672.844,29.0116,64.284
673.486,29.035,64.349
674.128,29.0034,64.413
674.771,29.0395,64.477
675.413,29.0118,64.541
676.055,28.9674,64.606
676.697,28.9843,64.67
677.339,28.9934,64.734
677.982,29.037,64.798
678.624,29.0038,64.862
679.266,29.0141,64.927
679.908,29.0098,64.991
680.55,28.9808,65.055
681.193,28.9938,65.119
681.835,28.9899,65.183
682.477,28.9658,65.248
683.119,28.9954,65.312
683.761,29.0172,65.376
684.404,28.9992,65.44
685.046,29.0102,65.505
685.688,28.973,65.569
686.33,29.0096,65.633
686.972,28.9784,65.697
687.615,29.021,65.761
688.257,28.9724,65.826
688.899,28.9737,65.89
689.541,28.9703,65.954
690.183,29.0218,66.018
690.826,28.9993,66.083
691.468,28.9907,66.147
692.11,28.9734,66.211
692.752,28.9624,66.275
693.394,28.9965,66.339
694.037,28.9724,66.404
694.679,29.0683,66.468
695.321,29.0157,66.532
695.963,29.0009,66.596
696.606,29.0256,66.661
697.248,28.9147,66.725
697.89,29.0088,66.789
698.532,29.0186,66.853
699.174,29.0204,66.917
699.817,29.03,66.982
700.459,29.0105,67.046
701.101,29.0381,67.11
701.743,28.9868,67.174
702.385,29.0014,67.239
703.028,28.9209,67.303
703.67,29.0277,67.367
704.312,28.9832,67.431
704.954,28.9866,67.495
705.596,29.0025,67.56
706.239,29.0056,67.624
706.881,28.9627,67.688
707.523,29.0111,67.752
708.165,29.0291,67.817
708.807,28.9717,67.881
709.45,29.0417,67.945
710.092,28.9962,68.009
710.734,29.0103,68.073
711.376,28.9596,68.138
712.018,28.9865,68.202
712.661,28.961,68.266
713.303,29.0011,68.33
713.945,28.9816,68.394
714.587,28.9771,68.459
715.229,28.9773,68.523
715.872,28.9924,68.587
716.514,28.9884,68.651
717.156,28.9626,68.716
717.798,29.0009,68.78
718.44,29.0186,68.844
719.083,29.0134,68.908
719.725,29.0121,68.972
720.367,29.0352,69.037
721.009,29.0132,69.101
721.651,29.0097,69.165
722.294,28.9979,69.229
722.936,29.0102,69.294
723.578,29.0231,69.358
724.22,28.9678,69.422
724.862,29.0053,69.486
725.505,28.9598,69.55
726.147,29.0111,69.615
726.789,28.9663,69.679
727.431,29.0655,69.743
728.073,29.0176,69.807
728.716,29.0118,69.872
729.358,29.0471,69.936
730,29.0123,70
730.642,29.035,70.064
731.284,28.9979,70.128
731.927,28.9969,70.193
732.569,28.9846,70.257
733.211,28.9755,70.321
733.853,28.942,70.385
734.495,28.993,70.45
735.138,29.0037,70.514
735.78,28.9893,70.578
736.422,29.0393,70.642
737.064,29.019,70.706
737.706,28.9866,70.771
738.349,29.0201,70.835
738.991,28.9877,70.899
739.633,28.9987,70.963
740.275,28.9955,71.028
740.917,29.0453,71.092
741.56,29.008,71.156
742.202,29.0393,71.22
742.844,29.045,71.284
743.486,29.0117,71.349
744.128,28.9937,71.413
744.771,28.9778,71.477
745.413,28.9593,71.541
746.055,28.9368,71.606
746.697,29.0098,71.67
747.339,28.9554,71.734
747.982,29.035,71.798
748.624,29.0054,71.862
749.266,29.0088,71.927
749.908,28.9978,71.991
750.55,29.006,72.055
751.193,28.9933,72.119
751.835,28.9664,72.183
752.477,28.9814,72.248
753.119,28.9553,72.312
753.761,29.0067,72.376
754.404,28.9912,72.44
755.046,29.0061,72.505
755.688,28.9991,72.569
756.33,28.9745,72.633
756.972,28.9672,72.697
757.615,29.0349,72.761
758.257,29.0218,72.826
758.899,29.0016,72.89
759.541,28.9576,72.954
760.183,28.9832,73.018
760.826,28.9852,73.083
761.468,29.0507,73.147
762.11,28.9892,73.211
762.752,28.9881,73.275
763.394,29.0363,73.339
764.037,28.9468,73.404
764.679,29.0023,73.468
765.321,28.97,73.532
765.963,28.9946,73.596
766.606,29.0206,73.661
767.248,29,73.725
767.89,28.9907,73.789
768.532,28.9832,73.853
769.174,29.0269,73.917
769.817,29.0109,73.982
770.459,29.0032,74.046
771.101,28.9919,74.11
771.743,29.0019,74.174
772.385,28.9899,74.239
773.028,29.0525,74.303
773.67,28.999,74.367
774.312,28.9976,74.431
774.954,28.9839,74.495
775.596,29.0326,74.56
776.239,28.9923,74.624
776.881,28.9894,74.688
777.523,28.98,74.752
778.165,29.0034,74.817
778.807,28.9937,74.881
779.45,29.0095,74.945
780.092,28.9619,75.009
780.734,28.9885,75.073
781.376,28.9731,75.138
782.018,28.9967,75.202
782.661,28.9788,75.266
783.303,29.0121,75.33
783.945,29.0236,75.394
784.587,28.9634,75.459
785.229,28.9683,75.523
785.872,29.0007,75.587
786.514,29.0016,75.651
787.156,29.0498,75.716
787.798,28.981,75.78
788.44,28.9953,75.844
789.083,28.9832,75.908
789.725,28.9764,75.972
790.367,29.0167,76.037
791.009,29.0136,76.101
791.651,29.0103,76.165
792.294,28.9691,76.229
792.936,29.024,76.294
793.578,29.0064,76.358
794.22,28.9776,76.422
794.862,28.9737,76.486
795.505,28.9687,76.55
796.147,29.0093,76.615
796.789,29.0064,76.679
797.431,28.9959,76.743
798.073,28.9827,76.807
798.716,29.0156,76.872
799.358,29.0316,76.936
800,29.0029,77
